Claim_Name;Judul_Berita;Hoax_Class;Sumber;Tanggal;Subject;Tema_Artikel
Claim by Berbagai sumber:;Video Jokowi berbahasa Mandarin ini adalah hasil manipulasi menggunakan AI;Salah;https://periksafakta.afp.com/doc.afp.com.33ZK9WV;Nov 2, 2023;Joko Widodo;Bahasa Mandarin
Claim by Beberapa sumber:;Foto Jokowi memegang lukisan berwajah Anies Baswedan;Salah;https://periksafakta.afp.com/doc.afp.com.33W666N;Sep 22, 2023;Joko Widodo;Anies Baswedan
Claim by Multiple source:;Anak DN Aidit provokasi Jokowi untuk habisi umat Muslim;salah;https://periksafakta.afp.com/doc.afp.com.33YG99N;Oct 19, 2023;D.N. Aidit;Joko Widodo
Claim by Berbagai sumber:;Presiden Joko Widodo menjenguk aktivis Ade Armando di rumah sakit;Salah;https://periksafakta.afp.com/doc.afp.com.328Y7NU;Apr 27, 2022;Ade Armando;Joko Widodo
Claim by Berbagai sumber:;Sekjen PBB Guterres tunjuk Presiden Jokowi sebagai penggantinya;Salah;https://periksafakta.afp.com/doc.afp.com.338M2TC;Feb 7, 2023;Sekretaris Jenderal Perserikatan Bangsa-Bangsa;António Guterres
Claim by jokowpnctbv:;Pengikut akun TikTok Jokowi akan mendapat bantuan tunai;Salah;https://periksafakta.afp.com/doc.afp.com.33T747G;Aug 29, 2023;Joko Widodo;TikTok
Claim by Berbagai sumber:;Presiden Jokowi tunjuk Agus Harimurti Yudhoyono sebagai menpora;Salah;https://periksafakta.afp.com/doc.afp.com.33BV7QN;Mar 23, 2023;Agus Harimurti Yudhoyono;Joko Widodo
Claim by Mbah Djari:;Foto Presiden Jokowi dan Iriana kunjungi Cak Nun di rumah sakit;Salah;https://periksafakta.afp.com/doc.afp.com.33PA2DT;Jul 18, 2023;Emha Ainun Nadjib;Joko Widodo
Claim by Beberapa sumber:;"Presiden Jokowi dipilih PBB untuk memimpin ""satgas penanganan krisis global""";Sesat;https://periksafakta.afp.com/doc.afp.com.32FM9V7;Aug 1, 2022;Joko Widodo;Perserikatan Bangsa-Bangsa
Claim by Berbagai sumber:;Uang baru pecahan Rp 100 bergambar Presiden Joko Widodo;Salah;https://periksafakta.afp.com/doc.afp.com.32ED6U4;Jul 14, 2022;Joko Widodo;Uang
Claim by Berbagai sumber:;Presiden Jokowi nyatakan perang dengan Malaysia;Salah;https://periksafakta.afp.com/doc.afp.com.32FT3G7;Aug 1, 2022;Joko Widodo;Malaysia
Claim by Grup-grup WhatsApp:;Presiden Jokowi telah berhasil pulangkan uang negara hingga Rp 11 ribu triliun yang disimpan koruptor di Swiss;Keliru;https://cekfakta.tempo.co/fakta/872/fakta-atau-hoaks-benarkah-presiden-jokowi-telah-berhasil-pulangkan-uang-11-ribu-t-dari-swiss;Jul 8, 2020;Joko Widodo;Uang
Claim by Akun Facebook Suhermanto Yasduri:;Foto yang diklaim sebagai foto Presiden Jokowi yang salah posisi bersedekap saat salat;Keliru;https://cekfakta.tempo.co/fakta/829/fakta-atau-hoaks-benarkah-ini-foto-presiden-jokowi-yang-salah-posisi-bersedekap-saat-salat;Jun 12, 2020;Joko Widodo;Salat
Claim by Akun-akun Facebook:;Peneliti Australia menyebut Jokowi sebagai presiden tak berkemampuan tapi memiliki daya rusak;Keliru;https://cekfakta.tempo.co/fakta/990/fakta-atau-hoaks-benarkah-jokowi-disebut-tak-berkemampuan-tapi-punya-daya-rusak-oleh-peneliti-australia;Sep 9, 2020;Joko Widodo;Peneliti
Claim by Kanal YouTube Humanity Of Ulama:;Mahkamah Agung telah menetapkan Joko Widodo sebagai tersangka dalam kasus kebakaran hutan dan lahan.;Sesat;https://cekfakta.tempo.co/fakta/348/fakta-atau-hoaks-benarkah-ma-telah-menetapkan-jokowi-sebagai-tersangka-kasus-kebakaran-hutan-dan-lahan;Jul 24, 2019;Kebakaran hutan;Joko Widodo
Claim by Situs Reportase Indonesia:;Presiden Jokowi akan menjual separuh dari Kaltim untuk pemindahan ibu kota;Sesat;https://cekfakta.tempo.co/fakta/670/fakta-atau-hoaks-benarkah-presiden-jokowi-akan-jual-separuh-kaltim-untuk-pemindahan-ibu-kota;Mar 13, 2020;Joko Widodo;Ibu Kota
Claim by Beredar di Facebook:;Kakek dan ayah Presiden Jokowi pernah menjadi Ketua PKI Boyolali;Keliru;https://cekfakta.tempo.co/fakta/477/fakta-atau-hoaks-benarkah-ayah-dan-kakek-jokowi-pernah-menjadi-ketua-pki-boyolali;Nov 14, 2019;Joko Widodo;Partai Komunis Indonesia
Claim by Beredar di YouTube:;Presiden Jokowi mundur dari jabatannya;Keliru;https://cekfakta.tempo.co/fakta/396/fakta-atau-hoaks-benarkah-presiden-jokowi-mundur-dari-jabatannya;Sep 10, 2019;Joko Widodo;Cek Fakta Tempo - TEMPO.co
Claim by Akun Facebook:;Tidak ada lagi warga yang meminta bersalaman dan selfie dengan Presiden Jokowi saat berkunjung ke Yogyakarta karena muak dan jijik;Sesat;https://cekfakta.tempo.co/fakta/971/fakta-atau-hoaks-benarkah-tak-ada-lagi-warga-yang-minta-salaman-dan-selfie-ke-jokowi-karena-muak-dan-jijik;Sep 1, 2020;Joko Widodo;Swafoto
Claim by Berbagai sumber:;Foto Presiden Jokowi menyelamati Anies Baswedan atas penerimaan gelar 'pahlawan internasional';Salah;https://periksafakta.afp.com/http%253A%252F%252Fdoc.afp.com%252F9PV96U-1;Oct 19, 2021;Anies Baswedan;Joko Widodo
Claim by Berbagai sumber:;Foto Presiden Jokowi menyelamati Anies Baswedan atas penerimaan gelar 'pahlawan internasional';Salah;https://periksafakta.afp.com/http%253A%252F%252Fdoc.afp.com%252F9PV96U-1;Oct 19, 2021;Anies Baswedan;Joko Widodo
Claim by Berbagai sumber:;Presiden Jokowi tidak memakai masker saat menghadiri PON XX Papua 2021;Salah;https://periksafakta.afp.com/http%253A%252F%252Fdoc.afp.com%252F9PL66R-1;Oct 17, 2021;Joko Widodo;Papua
Claim by Kanal YouTube:;Video yang diklaim sebagai video detik-detik Presiden Jokowi mengumumkan pencopotan Gubernur DKI Jakarta Anies Baswedan;Keliru;https://cekfakta.tempo.co/fakta/1425/keliru-klaim-ini-video-detik-detik-jokowi-umumkan-pencopotan-anies;Jun 24, 2021;Anies Baswedan;Joko Widodo
Claim by Akun Facebook:;"Gambar tangkapan layar artikel yang berjudul ""Arief Poyuono: Prabowo Mau Jokowi Tiga Periode, Sebab Prabowo Sudah Melihat Dan Merasakan Kerjanya Yang OK""";Keliru;https://cekfakta.tempo.co/fakta/1286/keliru-screenshot-artikel-yang-kutip-arief-poyuono-bahwa-prabowo-mau-jokowi-tiga-periode-karena-kerjanya-oke;Mar 16, 2021;Arief Poyuono;Prabowo Subianto
Claim by Kanal YouTube:;Video yang diklaim sebagai video ketika Presiden Jokowi menegur Satgas Waspada Investasi OJK karena menyusahkan rakyat di masa pandemi Covid-19;Keliru;https://cekfakta.tempo.co/fakta/1285/keliru-klaim-ini-video-jokowi-tegur-swi-ojk-karena-susahkan-rakyat-di-masa-pandemi;Mar 15, 2021;Joko Widodo;Otoritas Jasa Keuangan
Claim by Akun Facebook:;Kepala KSP Moeldoko menyebut vaksin Covid-19 untuk Jokowi berbeda dengan yang tersebar di masyarakat;Keliru;https://cekfakta.tempo.co/fakta/1187/keliru-klaim-moeldoko-sebut-vaksin-covid-19-untuk-jokowi-beda-dengan-yang-tersebar-di-masyarakat;Jan 7, 2021;Vaksin;Vaksin COVID-19
Claim by Kanal YouTube Humanity Of Ulama:;Mahkamah Agung telah menetapkan Joko Widodo sebagai tersangka dalam kasus kebakaran hutan dan lahan.;Sesat;https://cekfakta.tempo.co/fakta/348/fakta-atau-hoaks-benarkah-ma-telah-menetapkan-jokowi-sebagai-tersangka-kasus-kebakaran-hutan-dan-lahan;Jul 24, 2019;Kebakaran hutan;Joko Widodo
Claim by Beredar di media sosial Facebook:;Cina meminta dua pulau kepada Presiden Jokowi untuk membayar utang Indonesia;Keliru;https://cekfakta.tempo.co/fakta/403/fakta-atau-hoaks-benarkah-cina-meminta-dua-pulau-kepada-presiden-jokowi-untuk-membayar-utang-indonesia;Sep 17, 2019;Joko Widodo;Tiongkok
Claim by Kompas Info (blogspot) sejumlah akun Facebook:;Pemerintah Jokowi Tawarkan Kota Bogor Kepada Cina, Luhut: Rakyat Diam, Jangan Ikut Campur!;Keliru;https://cekfakta.tempo.co/fakta/205/fakta-atau-hoaks-benarkah-luhut-minta-rakyat-tak-ikut-campur-investasi-cina-di-bogor;Apr 8, 2019;Luhut Binsar Pandjaitan;Tiongkok
Claim by Akun-akun Facebook:;Lambang Presiden RI diganti dari Garuda Pancasila menjadi bintang seperti logo Partai Komunis Cina di era pemerintahan Jokowi;Keliru;https://cekfakta.tempo.co/fakta/780/fakta-atau-hoaks-benarkah-lambang-presiden-diganti-bintang-seperti-logo-partai-komunis-cina-di-era-jokowi;May 14, 2020;Logo;Simbol
Claim by Blog Operainf:;Wakil Presiden Ma'ruf Amin kaget duit PT Asuransi Jiwasraya masuk ke dana kampanyenya dengan Presiden Jokowi;Keliru;https://cekfakta.tempo.co/fakta/557/fakta-atau-hoaks-benarkah-maruf-amin-kaget-duit-jiwasraya-masuk-ke-dana-kampanyenya-dengan-jokowi;Jan 14, 2020;Ma'ruf Amin;Jiwasraya
Claim by Video beredar di WhatsApp:;"Video Joko Widodo ke Grand Indonesia, pengunjung berteriak ""tukang bohong"".";Keliru;https://cekfakta.tempo.co/fakta/249/fakta-atau-hoaks-benarkah-pengunjung-mall-grand-indonesia-teriaki-jokowi-tukang-bohong;Apr 21, 2019;Joko Widodo;Kebohongan
Claim by Berbagai sumber:;Video orang Amerika pendukung Presiden Jokowi;Salah;https://periksafakta.afp.com/video-ini-menunjukkan-demonstran-anti-rasisme-di-amerika-serikat-di-bulan-juni-2020;Jun 24, 2020;Orang Amerika;Video
Claim by Sejumlah situs dan akun-akun Facebook:;MPR mengusulkan agar Presiden Jokowi memimpin Indonesia hingga 2027;Sesat;https://cekfakta.tempo.co/fakta/850/fakta-atau-hoaks-benarkah-mpr-usul-presiden-jokowi-pimpin-indonesia-hingga-2027;Jun 26, 2020;Joko Widodo;Majelis Permusyawaratan Rakyat Republik Indonesia
Claim by Akun Facebook Suhermanto Yasduri:;Foto yang diklaim sebagai foto Presiden Jokowi yang salah posisi bersedekap saat salat;Keliru;https://cekfakta.tempo.co/fakta/829/fakta-atau-hoaks-benarkah-ini-foto-presiden-jokowi-yang-salah-posisi-bersedekap-saat-salat;Jun 12, 2020;Joko Widodo;Salat
Claim by Beredar di Facebook:;Pelantikan Jokowi-Ma'ruf Amin disambut meletusnya Gunung Kawi;Keliru;https://cekfakta.tempo.co/fakta/447/fakta-atau-hoaks-benarkah-saat-jokowi-maruf-amin-dilantik-gunung-kawi-meletus;Oct 24, 2019;Gunung Kawi;Gunung
Claim by Berbagai sumber:;Presiden Jokowi makan tikus bakar;Penjelasan;https://periksafakta.afp.com/jokowi-ditawari-tikus-bakar-saat-kampanye-pilpres-2014-tetapi-ia-menolaknya;Feb 3, 2020;Joko Widodo;Tikus
Claim by Berbagai sumber:;Jalan Presiden Joko Widodo di Arab Saudi;Sesat;https://periksafakta.afp.com/video-itu-menunjukkan-jalan-presiden-joko-widodo-di-uea;Oct 26, 2020;Joko Widodo;Arab Saudi
Claim by Beredar di Facebook:;PBNU mendoakan Presiden Jokowi kualat karena kecewa kadernya tidak dijadikan Menteri Agama;Keliru;https://cekfakta.tempo.co/fakta/453/fakta-atau-hoaks-benarkah-pbnu-doakan-jokowi-kualat-karena-kadernya-tidak-jadi-menteri-agama;Oct 31, 2019;Nahdlatul Ulama;Menteri
Claim by Akun Facebook:;Foto yang diklaim sebagai foto ayah Presiden Jokowi dan merupakan komandan underbow PKI;Keliru;https://cekfakta.tempo.co/fakta/931/fakta-atau-hoaks-benarkah-pria-di-foto-ini-ayah-jokowi-dan-komandan-underbow-pki;Aug 5, 2020;Joko Widodo;Partai Komunis Indonesia
Claim by Situs-situs dan akun media sosial:;Putra Presiden Jokowi, Gibran Rakabuming Raka, akan membebaskan Palestina dari Israel;Sesat;https://cekfakta.tempo.co/fakta/996/fakta-atau-hoaks-benarkah-gibran-akan-bebaskan-palestina-dari-israel;Sep 11, 2020;Gibran Rakabuming Raka;Israel
Claim by multiple sources:;Anak Presiden Indonesia Jokowi memakai kaos dengan gambar simbol komunis;salah;https://periksafakta.afp.com/tidak-foto-ini-tidak-menunjukkan-anak-presiden-indonesia-memakai-kaos-dengan-gambar-simbol-komunis;Mar 4, 2019;Joko Widodo;Presiden Indonesia
Claim by Narasi dan klaim beredar di media sosial:;Audrey Yu adalah anak perempuan WNI keturunan Tionghoa jenius yang bertemu Jokowi di KTT G20 di Jepang dan ditawari bekerja untuk BPPT;Keliru;https://cekfakta.tempo.co/fakta/329/fakta-atau-hoaks-benarkah-audrey-yu-bertemu-jokowi-dan-ditawari-bekerja-di-bppt;Jul 9, 2019;Maria Audrey Lukito;BPPT
Claim by Akun Facebook:;Presiden Jokowi berharap rakyat menerima TKA Cina sebagai saudara yang mencari nafkah di sini;Keliru;https://cekfakta.tempo.co/fakta/979/fakta-atau-hoaks-benarkah-jokowi-berharap-rakyat-terima-tka-cina-sebagai-saudara-yang-mencari-nafkah;Sep 4, 2020;Joko Widodo;Cek Fakta Tempo - TEMPO.co
Claim by Situs Reportase Indonesia:;Presiden Jokowi akan menjual separuh dari Kaltim untuk pemindahan ibu kota;Sesat;https://cekfakta.tempo.co/fakta/670/fakta-atau-hoaks-benarkah-presiden-jokowi-akan-jual-separuh-kaltim-untuk-pemindahan-ibu-kota;Mar 13, 2020;Joko Widodo;Ibu Kota
Claim by Situs Wartarakyat.co:;Presiden Jokowi mengakui gagal memimpin negara;Sesat;https://cekfakta.tempo.co/fakta/865/fakta-atau-hoaks-benarkah-presiden-jokowi-akui-gagal-pimpin-negara;Jul 3, 2020;Joko Widodo;Cek Fakta Tempo - TEMPO.co
Claim by Blog Operainf:;Presiden Jokowi menyebut Cina bukan mencuri tapi hanya mengejar ikan yang lari ke perairan Natuna;Keliru;https://cekfakta.tempo.co/fakta/553/fakta-atau-hoaks-benarkah-jokowi-sebut-cina-bukan-mencuri-tapi-hanya-mengejar-ikan-yang-lari-ke-natuna;Jan 13, 2020;Pencurian;Joko Widodo
Claim by Beredar di Facebook:;Presiden Jokowi melecehkan bendera Merah Putih karena berdiri di atas podium beralaskan kain berwarna merah-putih;Sesat;https://cekfakta.tempo.co/fakta/425/fakta-atau-hoaks-benarkah-presiden-jokowi-melecehkan-bendera-merah-putih;Oct 10, 2019;Bendera Indonesia;Bendera
Claim by Beberapa sumber:;Penampakan jin saat pelantikan presiden-wapres Jokowi-Ma’ruf;Salah;https://periksafakta.afp.com/video-ini-menunjukkan-animasi-yang-dibuat-dengan-komputer;Oct 25, 2019;Jin;Ma'ruf Amin
Claim by Akun-akun Facebook:;Anggota DPR dari Fraksi PDI Perjuangan, Ribka Tjiptaning, menyebut bahwa ibu Presiden Jokowi adalah Ketua Umum Gerwani PKI;Keliru;https://cekfakta.tempo.co/fakta/832/fakta-atau-hoaks-benarkah-ribka-tjiptaning-sebut-ibu-jokowi-ketua-gerwani-pki;Jun 15, 2020;Ribka Tjiptaning;Gerakan Wanita Indonesia
Claim by Akun Facebook Alfi Laili Cholidah:;Refly Harun menyebut bahwa kemenangan Presiden Jokowi dalam Pilpres 2019 adalah hasil kejahatan antek Cina;Keliru;https://cekfakta.tempo.co/fakta/778/fakta-atau-hoaks-benarkah-refly-harun-sebut-kemenangan-jokowi-hasil-kejahatan-antek-cina;May 12, 2020;Refly Harun;Joko Widodo
Claim by Beredar di Facebook:;Presiden Jokowi mengakui adanya kecurangan dalam Pemilu 2019;Keliru;https://cekfakta.tempo.co/fakta/565/fakta-atau-hoaks-benarkah-presiden-jokowi-akui-adanya-kecurangan-dalam-pemilu-2019;Jan 20, 2020;Joko Widodo;Pemilihan umum Indonesia 2019
Claim by Kanal YouTube 651 SAFA:;Bos Samsung menyebut ekonomi Indonesia macet total di bawah pemerintahan Presiden Jokowi;Keliru;https://cekfakta.tempo.co/fakta/487/fakta-atau-hoaks-benarkah-bos-samsung-sebut-ekonomi-indonesia-macet-total-di-era-presiden-jokowi;Nov 22, 2019;Ekonomi Indonesia;Ekonomi
Claim by AKun-akun Facebook:;Putusan MA Nomor 44 Tahun 2019 membatalkan kemenangan Jokowi-Ma'ruf Amin dalam Pilpres 2019;Keliru;https://cekfakta.tempo.co/fakta/874/fakta-atau-hoaks-benarkah-putusan-ma-batalkan-kemenangan-jokowi-maruf-amin-di-pilpres-2019;Jul 9, 2020;Ma'ruf Amin;Joko Widodo
Claim by @prabowopresidenkusandiagaunowapresku:;Benarkah Presiden Jokowi Melarang Sweeping Atribut PKI?;Sesat;https://cekfakta.tempo.co/fakta/77/fakta-atau-hoax-benarkah-presiden-jokowi-melarang-sweeping-atribut-pki;Nov 27, 2018;Joko Widodo;Partai Komunis Indonesia
Claim by Berbagai sumber:;Demonstrasi di Jakarta di bulan Juni 2020 menuntut Jokowi turun;Sesat;https://periksafakta.afp.com/video-ini-menunjukkan-aksi-unjuk-rasa-mahasiswa-di-palembang-di-bulan-september-2019;Jun 8, 2020;Unjuk rasa;Periksa Fakta
Claim by Beredar di Facebook:;Wakil Presiden Ma'ruf Amin menyebut bahwa yang tidak mengakui Presiden Jokowi sebagai pemimpin akan masuk neraka;Keliru;https://cekfakta.tempo.co/fakta/638/fakta-atau-hoaks-benarkah-maruf-amin-sebut-yang-tak-akui-jokowi-pemimpin-bakal-masuk-neraka;Feb 25, 2020;Ma'ruf Amin;Joko Widodo
Claim by Akun YouTube Erdogan Indonesia:;“TV Al-Jazeera menyiarkan kecurangan Pemilu di Indonesia, bikin geger Dunia. Pemilu curang telah dipertontonkan oleh Rezim Jokowi yang merusak citra Indonesia dimata dunia, demokrasi sudah mati di Indonesia. Itu Wiranto kalau berani suruh tutup TV tersebut, Sudah tersiar ke selu...;Keliru;https://cekfakta.tempo.co/fakta/282/fakta-atau-hoaks-benarkah-tv-al-jazeera-telah-menyiarkan-kecurangan-pemilu-di-indonesia;May 15, 2019;Pemilihan;Televisi
Claim by Gambar tangkapan layar beredar di Facebook:;"Tangkapan layar situs Tempo dengan berita berjudul ""Jokowi: Korban Meninggal itu Sudah Takdir Jangan di Perpanjang Lagi""";Keliru;https://cekfakta.tempo.co/fakta/272/fakta-atau-hoaks-benarkah-tempo-memuat-pernyataan-jokowi-bahwa-korban-meninggal-adalah-takdir;May 7, 2019;Joko Widodo;Tempo
Claim by Blog Operainf:;Wakil Presiden Ma'ruf Amin kaget duit PT Asuransi Jiwasraya masuk ke dana kampanyenya dengan Presiden Jokowi;Keliru;https://cekfakta.tempo.co/fakta/557/fakta-atau-hoaks-benarkah-maruf-amin-kaget-duit-jiwasraya-masuk-ke-dana-kampanyenya-dengan-jokowi;Jan 14, 2020;Ma'ruf Amin;Jiwasraya
Claim by Akun Facebook:;Video yang berisi klaim bahwa Presiden Jokowi mencopot Menkopolhukam Mahfud MD;Keliru;https://cekfakta.tempo.co/fakta/1119/keliru-video-yang-sebut-presiden-jokowi-copot-menkopolhukam-mahfud-md;Nov 25, 2020;Joko Widodo;Mahfud MD
Claim by Beredar di media sosial:;Polisi membebaskan remaja Tionghoa yang ancam bunuh Jokowi, namun penjarakan pemuda Muslim yang mengancam penggal Jokowi.;Keliru;https://cekfakta.tempo.co/fakta/281/fakta-atau-hoaks-benarkah-polisi-bebaskan-remaja-tionghoa-yang-ancam-tembak-jokowi-karena-etnisnya;May 14, 2019;Joko Widodo;Polisi
Claim by Akun Facebook:;Presiden Jokowi berharap rakyat menerima TKA Cina sebagai saudara yang mencari nafkah di sini;Keliru;https://cekfakta.tempo.co/fakta/979/fakta-atau-hoaks-benarkah-jokowi-berharap-rakyat-terima-tka-cina-sebagai-saudara-yang-mencari-nafkah;Sep 4, 2020;Joko Widodo;Cek Fakta Tempo - TEMPO.co
Claim by Video beredar di WhatsApp:;"Video Joko Widodo ke Grand Indonesia, pengunjung berteriak ""tukang bohong"".";Keliru;https://cekfakta.tempo.co/fakta/249/fakta-atau-hoaks-benarkah-pengunjung-mall-grand-indonesia-teriaki-jokowi-tukang-bohong;Apr 21, 2019;Joko Widodo;Kebohongan
Claim by Beredar di WhatsApp dan media sosial:;Ada tulisan kalimat “Terimakasih Pak Jokowi, doakan kami menjadi haji yang mabrur” di badan pesawat Garuda Indonesia;Sebagian Benar;https://cekfakta.tempo.co/fakta/327/fakta-atau-hoaks-benarkah-ada-tulisan-terima-kasih-pak-jokowi-di-badan-pesawat-garuda-indonesia;Jul 7, 2019;Garuda Indonesia;Garuda
Claim by Akun Facebook:;Novel Baswedan salahkan Presiden Jokowi terkait putusan pengadilan atas kasus penyiraman air keras terhadapnya dan menyuruhnya banding;Sesat;https://cekfakta.tempo.co/fakta/835/fakta-atau-hoaks-benarkah-narasi-yang-sebut-novel-baswedan-salahkan-jokowi-dan-menyuruhnya-banding;Jun 17, 2020;Novel Baswedan;Joko Widodo
Claim by Akun-akun Facebook dan grup-grup WhatsApp:;"Pesan berantai yang berjudul ""Vaksinasi Presiden Harus Diulang dan Hati-hati dengan Vaksinasi"". Menurut pesan ini, vaksinasi yang dilakukan oleh Presiden Jokowi gagal. Pesan itu juga menyinggung soal reaksi ADE pada vaksin Covid-19 serta menyebut vaksin Sinovac adalah vaksin Cov...";Sesat;https://cekfakta.tempo.co/fakta/1200/sesat-pesan-berantai-yang-sebut-vaksinasi-covid-19-presiden-jokowi-harus-diulang;Jan 18, 2021;Vaksin COVID-19;Vaksinasi
Claim by Beredar di Facebook:;Pelantikan Jokowi-Ma'ruf Amin disambut meletusnya Gunung Kawi;Keliru;https://cekfakta.tempo.co/fakta/447/fakta-atau-hoaks-benarkah-saat-jokowi-maruf-amin-dilantik-gunung-kawi-meletus;Oct 24, 2019;Gunung Kawi;Ma'ruf Amin
Claim by Akun Facebook Alfi Laili Cholidah:;Refly Harun menyebut bahwa kemenangan Presiden Jokowi dalam Pilpres 2019 adalah hasil kejahatan antek Cina;Keliru;https://cekfakta.tempo.co/fakta/778/fakta-atau-hoaks-benarkah-refly-harun-sebut-kemenangan-jokowi-hasil-kejahatan-antek-cina;May 12, 2020;Refly Harun;Joko Widodo
Claim by Beredar di media sosial:;Joko Widodo batal menggaji pengangguran lewat Kartu Prakerja;Sesat;https://cekfakta.tempo.co/fakta/343/fakta-atau-hoaks-benarkah-jokowi-batal-memberikan-tunjangan-untuk-pengangguran;Jul 19, 2019;Joko Widodo;Pengangguran
Claim by Akun Facebook Syamsul Bachri:;Presiden Jokowi ditolak rakyatnya sendiri di Malaysia;Keliru;https://cekfakta.tempo.co/fakta/328/fakta-atau-hoaks-benarkah-wni-di-malaysia-menolak-kedatangan-presiden-jokowi;Jul 8, 2019;Joko Widodo;Malaysia
Claim by Beredar di Facebook:;Presiden Jokowi mengakui adanya kecurangan dalam Pemilu 2019;Keliru;https://cekfakta.tempo.co/fakta/565/fakta-atau-hoaks-benarkah-presiden-jokowi-akui-adanya-kecurangan-dalam-pemilu-2019;Jan 20, 2020;Joko Widodo;Pemilihan umum Indonesia 2019
Claim by AKun-akun Facebook:;Putusan MA Nomor 44 Tahun 2019 membatalkan kemenangan Jokowi-Ma'ruf Amin dalam Pilpres 2019;Keliru;https://cekfakta.tempo.co/fakta/874/fakta-atau-hoaks-benarkah-putusan-ma-batalkan-kemenangan-jokowi-maruf-amin-di-pilpres-2019;Jul 9, 2020;Ma'ruf Amin;Joko Widodo
Claim by Faisal Assegaf Ketua LSM Progres 98 pada 2014:;Joko Widodo dan Iriana Widodo memiliki rekening gendut berisi USD8 juta di luar negeri.;Keliru;https://cekfakta.tempo.co/fakta/275/fakta-atau-hoaks-benarkah-jokowi-dan-iriana-punya-rekening-gendut-di-luar-negeri;May 8, 2019;Joko Widodo;Iriana Joko Widodo
Claim by Akun-akun Facebook:;"Presiden Turki Erdogan mengatakan, ""Jika Jokowi tidak terjun ke politik, maka penjahatlah yang akan mengisinya.""";Keliru;https://cekfakta.tempo.co/fakta/876/fakta-atau-hoaks-benarkah-erdogan-sebut-jika-jokowi-tak-terjun-ke-politik-maka-penjahatlah-yang-akan-mengisinya;Jul 10, 2020;Recep Tayyip Erdoğan;Joko Widodo
Claim by Sejumlah situs dan akun Facebook:;Presiden Jokowi meminta semua gubernur meniru Gubernur DKI Jakarta Anies Baswedan untuk menghadapi resesi ekonomi;Keliru;https://cekfakta.tempo.co/fakta/1002/fakta-atau-hoaks-benarkah-jokowi-minta-semua-gubernur-tiru-anies-untuk-hadapi-resesi;Sep 15, 2020;Anies Baswedan;Joko Widodo
Claim by Akun Facebook:;"Gambar tangkapan layar artikel yang berjudul ""Arief Poyuono: Prabowo Mau Jokowi Tiga Periode, Sebab Prabowo Sudah Melihat Dan Merasakan Kerjanya Yang OK""";Keliru;https://cekfakta.tempo.co/fakta/1286/keliru-screenshot-artikel-yang-kutip-arief-poyuono-bahwa-prabowo-mau-jokowi-tiga-periode-karena-kerjanya-oke;Mar 16, 2021;Arief Poyuono;Prabowo Subianto
Claim by Viral di media sosial:;Mantan Presiden BJ Habibie berkata bahwa lawan berat Prabowo itu bukan Jokowi tapi kecurangan.;Keliru;https://cekfakta.tempo.co/fakta/243/fakta-atau-hoaks-benarkah-bj-habibie-menyatakan-lawan-berat-prabowo-adalah-kecurangan;Apr 18, 2019;B. J. Habibie;Prabowo Subianto
Claim by Video yang beredar di Facebook.:;Aktivis hak asasi manusia Munir Said Thalib dibunuh satu bulan setelah bersaksi bahwa Prabowo tidak bersalah;Keliru;https://cekfakta.tempo.co/fakta/280/fakta-atau-hoaks-benarkah-munir-dibunuh-satu-bulan-setelah-bersaksi-prabowo-tak-bersalah;May 13, 2019;Munir Said Thalib;Pembunuhan
Claim by Blog Tribun Ind:;Menteri Pertahanan Prabowo Subianto menyebut wajib militer ampuh untuk menangkal bangkitnya PKI;Keliru;https://cekfakta.tempo.co/fakta/479/fakta-atau-hoaks-benarkah-menhan-prabowo-sebut-wajib-militer-ampuh-tangkal-bangkitnya-pki;Nov 15, 2019;Prabowo Subianto;Wajib militer
Claim by Tersebar di sosial media:;Lembaga Survey NCID menyatakan Prabowo memenangkan exit poll Pilpres 2019;Keliru;https://cekfakta.tempo.co/fakta/239/fakta-atau-hoaks-benarkah-pernyataan-ncid-bahwa-prabowo-memenangkan-exit-poll-pilpres-2019;Apr 17, 2019;Prabowo Subianto;Exit poll
Claim by Akun Twitter JS Prabowo di @berteman_mari:;Ribuan suara pemilih Prabowo hangus karena kecurangan pemilu di Turki;Sesat;https://cekfakta.tempo.co/fakta/232/fakta-atau-hoaks-benarkah-ribuan-suara-pemilih-prabowo-hangus-karena-kecurangan-pemilu-di-turki;Apr 16, 2019;Prabowo Subianto;Pemilihan
Claim by Beredar di media sosial Facebook:;Mahkamah Konstitusi meminta maaf dan akan melantik Prabowo-Sandi sebagai presiden dan wakil presiden pada Oktober 2019.;Sesat;https://cekfakta.tempo.co/fakta/389/fakta-atau-hoaks-benarkah-mk-minta-maaf-dan-akan-melantik-prabowo-sandi-sebagai-presiden-dan-wakil-presiden;Sep 5, 2019;Prabowo Subianto;Mahkamah Konstitusi Republik Indonesia
Claim by Video yang beredar di YouTube:;Seorang pemuda di Riau mencoblos 20 kertas suara untuk paslon 02, Prabowo-Sandiaga;Benar;https://cekfakta.tempo.co/fakta/257/fakta-atau-hoaks-benarkah-20-surat-suara-di-riau-tercoblos-untuk-paslon-02;Apr 25, 2019;Riau;Prabowo Subianto
Claim by Tersebar di media sosial:;Polisi Malaysia menangkap pendukung Prabowo sebagai pelaku tercoblosnya surat suara di Malaysia;Keliru;https://cekfakta.tempo.co/fakta/227/fakta-atau-hoaks-benarkah-polisi-malaysia-menangkap-pendukung-prabowo-sebagai-pelaku-tercoblosnya-surat-suara-di-malaysia;Apr 16, 2019;Prabowo Subianto;Surat suara
Claim by Berbagai sumber:;Laki-laki dan perempuan salat campur dalam kampanye Pilpres Prabowo;Salah;https://periksafakta.afp.com/bukan-hoaks-foto-menunjukkan-laki-laki-dan-perempuan-salat-campur-dalam-kampanye-pilpres-indonesia;Apr 9, 2019;Prabowo Subianto;Salat
Claim by Situs Kabar Today:;Sekretaris Jenderal PBB Pedro Coelho mengucapkan selamat kepada Prabowo Subianto karena menang Pilpres 2019.;Keliru;https://cekfakta.tempo.co/fakta/261/fakta-atau-hoaks-benarkah-sekjen-pbb-ucapkan-selamat-kepada-prabowo-yang-terpilih-sebagai-presiden;Apr 27, 2019;Prabowo Subianto;Sekretaris Jenderal Perserikatan Bangsa-Bangsa
Claim by Viral di sosial media:;Ternyata Pak Prabowo benar saat debat capres soal lemahnya kekuatan pertahanan RI.;Sesat;https://cekfakta.tempo.co/fakta/214/fakta-atau-hoaks-benarkah-kapal-patroli-indonesia-dikejar-tentara-malaysia;Apr 11, 2019;Indonesia;Cek Fakta Tempo - TEMPO.co
Claim by Beredar di media sosial Facebook:;Tri Susanti, wanita yang mendatangi asrama mahasiswa Papua di Surabaya, adalah saksi Prabowo di sidang sengketa Pilpres 2019;Benar;https://cekfakta.tempo.co/fakta/381/fakta-atau-hoaks-benarkah-tri-susanti-yang-mendatangi-asrama-mahasiswa-papua-di-surabaya-adalah-saksi-prabowo-di-sidang-sengketa-pilpres-2019;Aug 28, 2019;Prabowo Subianto;Asrama Mahasiswa Papua
Claim by Sejumlah situs dan akun Facebook:;"""Ratusan Ribu Warga Tegal Hadiri Kampanye Akbar Prabowo Di Wisanggeni""";Keliru;https://cekfakta.tempo.co/fakta/204/fakta-atau-hoaks-benarkah-kampanye-prabowo-subianto-di-lapangan-gor-wisanggeni-kota-tegal-dihadiri-ratusan-ribu-orang;Apr 7, 2019;Prabowo Subianto;Tegal
Claim by Berbagai sumber:;Capres Prabowo Subianto bersumpah akan hapus polisi dan TNI bila terpilih;Salah;https://periksafakta.afp.com/tidak-klip-ini-tidak-menunjukkan-capres-prabowo-subianto-bersumpah-akan-hapus-polisi-dan-tni;Apr 9, 2019;Prabowo Subianto;Tentara Nasional Indonesia
Claim by Sejumlah akun di media sosial:;Presiden Turki Recep Tayyib Erdogan memberi dukungan kepada Prabowo-Sandi;Keliru;https://cekfakta.tempo.co/fakta/196/fakta-atau-hoaks-benarkah-presiden-turki-recep-tayyip-erdogan-telah-memberikan-dukungan-kepada-prabowo-sandi;Apr 2, 2019;Recep Tayyip Erdoğan;Prabowo Subianto
Claim by Petroxi Blogspot:;Menteri Koordinator Politik Hukum dan Keamanan memerintahkan tembak mati pendukung Prabowo yang tidak mengakui kemenangan Joko Widodo;Keliru;https://cekfakta.tempo.co/fakta/336/fakta-atau-hoaks-benarkah-menkopolhukam-wiranto-memerintahkan-penangkapan-dan-tembak-mati-bagi-pendukung-prabowo-yang-tidak-mengakui-kemenangan-jokowi;Jul 15, 2019;Prabowo Subianto;Joko Widodo
Claim by Berbagai sumber:;Menteri Pertahanan Prabowo Subianto membawahi BIN, TNI dan Polri;Sesat;https://periksafakta.afp.com/uu-mengatur-bin-polri-dan-tni-berada-di-bawah-presiden;Nov 7, 2019;Badan Intelijen Negara;Kepolisian Negara Republik Indonesia
Claim by Akun Facebook Jonru Ginting:;Pesawat yang ditumpangi Prabowo untuk kampanye dihalangi 3 jet tempur;Keliru;https://cekfakta.tempo.co/fakta/206/fakta-atau-hoaks-benarkah-pesawat-yang-ditumpangi-prabowo-untuk-kampanye-mendapat-hadangan-3-pesawat-tempur;Apr 8, 2019;Jonru;Prabowo Subianto
Claim by Sejumlah akun Facebook:;Ketua tim kuasa hukum Prabowo Subianto-Sandiaga Uno, Bambang Widjojanto, dihalangi masuk gedung MK dengan kawat berduri;Sesat;https://cekfakta.tempo.co/fakta/310/fakta-atau-hoaks-benarkah-bambang-widjojanto-sengaja-dihalangi-agar-tidak-bisa-masuk-gedung-mk-untuk-sidang-sengketa-pilpres-2019;Jun 19, 2019;Bambang Widjojanto;Mahkamah Konstitusi Republik Indonesia
Claim by Sejumlah akun di media sosial Facebook:;Ketua Komisi Pemilihan Umum Arief Budiman mengumumkan Prabowo-Sandiaga telah menguasai perolehan suara di seluruh provinsi Indonesia.;Keliru;https://cekfakta.tempo.co/fakta/276/fakta-atau-hoaks-benarkah-kpu-umumkan-semua-provinsi-dikuasai-prabowo;May 9, 2019;Prabowo Subianto;KPU
Claim by Akun Facebook Umi Jamilah:;Menurut data resmi TNI, pasangan calon 02 Prabowo-Sandiaga sudah menang Pilpres 2019.;Keliru;https://cekfakta.tempo.co/fakta/256/fakta-atau-hoaks-benarkah-data-resmi-tni-menunjukkan-kemenangan-prabowo-pada-pilpres-2019;Apr 24, 2019;Prabowo Subianto;Tentara Nasional Indonesia
Claim by Foto dan narasi di Facebook.:;Prabowo Subianto membebaskan 200 relawan dari peristiwa 21-22 Mei 2019 setelah berjabat tangan dengan Joko Widodo;Keliru;https://cekfakta.tempo.co/fakta/344/fakta-atau-hoaks-benarkah-foto-yang-diklaim-prabowo-berhasil-bebaskan-200-relawan-dari-penjara;Jul 22, 2019;Prabowo Subianto;Cek Fakta Tempo - TEMPO.co
Claim by Berbagai sumber:;Presiden Turki Erdogan mendukung kubu Prabowo-Sandi di Pilpres Indonesia;Salah;https://periksafakta.afp.com/bukan-ini-bukan-foto-presiden-turki-erdogan-mendukung-kubu-prabowo-sandi-di-pemilu-indonesia;Apr 5, 2019;Recep Tayyip Erdoğan;Prabowo Subianto
Claim by Viral di media sosial.:;Ustad Abdul Somad (UAS) Menerima Hadiah Rumah Setelah Bertemu Prabowo Subianto.;Keliru;https://cekfakta.tempo.co/fakta/229/fakta-atau-hoaks-benarkah-ustad-abdul-somad-uas-menerima-hadiah-rumah-setelah-bertemu-prabowo;Apr 16, 2019;Abdul Somad;Prabowo Subianto
Claim by Beredar di Facebook:;Menteri Pertahanan Prabowo Subianto dan Panglima TNI Hadi Tjahjanto akan menertibkan seragam ormas yang mirip dengan seragam TNI, termasuk seragam Banser NU;Keliru;https://cekfakta.tempo.co/fakta/466/fakta-atau-hoaks-benarkah-menhan-prabowo-dan-panglima-tni-akan-tertibkan-seragam-banser;Nov 8, 2019;Prabowo Subianto;Barisan Ansor Serbaguna Nahdlatul Ulama (Banser)
Claim by Beberapa sumber:;Profesor Jepang menyatakan Prabowo Subianto menang di Pilpres 2019;Satire;https://periksafakta.afp.com/tidak-foto-ini-tidak-menunjukkan-professor-jepang-mengklaim-prabowo-telah-menang-di-pilpres-2019;Jun 27, 2019;Prabowo Subianto;Pemilihan presiden
Claim by Beredar di Facebook:;Menteri Pertahanan Prabowo Subianto meminta kepada Menhan Cina untuk membebaskan muslim Uighur;Keliru;https://cekfakta.tempo.co/fakta/534/fakta-atau-hoaks-benarkah-prabowo-minta-menhan-cina-bebaskan-muslim-uighur;Dec 30, 2019;Prabowo Subianto;Tiongkok
Claim by Video dan narasi beredar di YouTube dan Facebook:;Saksi dari kubu Prabowo-Sandi dalam rapat pleno rekapitulasi suara tingkat kabupaten di Sampang dikatakan dikeroyok oleh oknum polisi karena protes adanya kecurangan.;Keliru;https://cekfakta.tempo.co/fakta/269/fakta-atau-hoaks-benarkah-saksi-kubu-prabowo-sandi-dikeroyok-polisi-karena-memprotes-kecurangan-saat-pleno-rekapitulasi-suara-di-kabupaten-sampang;May 5, 2019;Prabowo Subianto;Polisi
Claim by Kubu Prabowo Subianto-Sandiaga Uno:;1 juta orang hadiri kampanye akbar Prabowo-Sandi di GBK;Keliru;https://cekfakta.tempo.co/fakta/207/fakta-atau-hoaks-benarkah-gelora-bung-karno-bisa-menampung-1-juta-orang;Apr 10, 2019;Stadion Utama Gelora Bung Karno;Cek Fakta Tempo - TEMPO.co
Claim by Viral di Facebook:;Megawati Soekarnoputri mengakui kemenangan Prabowo Subianto dalam Pilpres 2019;Keliru;https://cekfakta.tempo.co/fakta/247/fakta-atau-hoaks-benarkah-megawati-telah-mengakui-kemenangan-prabowo;Apr 20, 2019;Megawati Soekarnoputri;Prabowo Subianto
Claim by Kanal-kanal YouTube dan akun-akun Facebook:;Wapres Ma'ruf Amin mundur dan digantikan oleh Prabowo;Keliru;https://cekfakta.tempo.co/fakta/943/fakta-atau-hoaks-benarkah-wapres-maruf-amin-mundur-dan-diganti-oleh-prabowo;Aug 12, 2020;Ma'ruf Amin;Prabowo Subianto
Claim by Video yang beredar di Facebook.:;Aktivis hak asasi manusia Munir Said Thalib dibunuh satu bulan setelah bersaksi bahwa Prabowo tidak bersalah.;Keliru;https://cekfakta.tempo.co/fakta/280/fakta-atau-hoaks-benarkah-munir-dibunuh-satu-bulan-setelah-bersaksi-prabowo-tak-bersalah;May 13, 2019;Munir Said Thalib;Prabowo Subianto
Claim by Beredar di YouTube dan Facebook:;Presiden Jokowi ancam copot Prabowo Subianto sebagai Menteri Pertahanan karena kalah pamor;Sesat;https://cekfakta.tempo.co/fakta/499/fakta-atau-hoaks-benarkah-presiden-jokowi-ancam-copot-prabowo-karena-kalah-pamor;Dec 2, 2019;Prabowo Subianto;Joko Widodo
Claim by Kakek Detektif:;Benarkah Foto Prabowo Subianto Berpakaian Pendeta?;Keliru;https://cekfakta.tempo.co/fakta/87/fakta-atau-hoax-benarkah-foto-prabowo-subianto-berpakaian-pendeta;Dec 17, 2018;Prabowo Subianto;Cek Fakta Tempo - TEMPO.co
Claim by Beberapa sumber:;Mantan Presiden Amerika Serikat Barack Obama membuka tirai foto Prabowo Subianto;Salah;https://periksafakta.afp.com/video-tersebut-adalah-editan-dari-klip-asli-obama-meluncurkan-lukisan-dirinya;Jul 22, 2019;Barack Obama;Periksa Fakta
Claim by Akun Facebook Karim Limoto:;Barack Obama menyampaikan selamat atas kemenangan Prabowo Subianto;Keliru;https://cekfakta.tempo.co/fakta/333/fakta-atau-hoaks-benarkah-barack-obama-telah-menyatakan-kemenangan-prabowo-sandi;Jul 11, 2019;Barack Obama;Prabowo Subianto
Claim by Akun Facebook Nanda Jepang:;Prabowo Subianto-Sandiaga Uno telah menang di Mahkamah Konstitusi;Sesat;https://cekfakta.tempo.co/fakta/300/fakta-atau-hoaks-benarkah-prabowo-sandiaga-telah-menang-di-mahkamah-konstitusi;May 28, 2019;Mahkamah Konstitusi Republik Indonesia;Sandiaga Salahuddin Uno
Claim by Berbagai sumber:;Karyawan Krakatau Steel dipecat semua dan diganti dengan orang-orang Cina oleh Joko Widodo;Keliru;https://cekfakta.tempo.co/fakta/344/fakta-atau-hoaks-benarkah-foto-yang-diklaim-prabowo-berhasil-bebaskan-200-relawan-dari-penjara;Jul 22, 2019;Cek Fakta Tempo - TEMPO.co;Karyawan
Claim by Prabowo Subianto dalam Debat Capres-Cawapres Kelima:;Lebih banyak uang milik warga negara Indonesia di luar daripada di dalam negeri;Sebagian Benar;https://cekfakta.tempo.co/fakta/220/fakta-atau-hoaks-benarkah-kekayaan-indonesia-banyak-yang-lari-ke-luar-negeri-seperti-yang-diungkap-prabowo-subianto;Apr 14, 2019;Indonesia;Cek Fakta Tempo - TEMPO.co
Claim by Beredar di Facebook:;Menteri Pertahanan Prabowo Subianto menyebut bahwa FPI bukan ancaman bagi kedaulatan NKRI;Keliru;https://cekfakta.tempo.co/fakta/521/fakta-atau-hoaks-benarkah-menhan-prabowo-sebut-fpi-bukan-ancaman-bagi-kedaulatan-nkri;Dec 16, 2019;Prabowo Subianto;Front Pembela Islam
